Bitcoin1BTC,https://coinmarketcap.com/currencies/bitcoin/,"$38,898.67"
Ethereum2ETH,https://coinmarketcap.com/currencies/ethereum/,"$2,862.83"
Tether3USDT,https://coinmarketcap.com/currencies/tether/,$1.00
BNB4BNB,https://coinmarketcap.com/currencies/bnb/,$393.12
USD Coin5USDC,https://coinmarketcap.com/currencies/usd-coin/,$1.00
Solana6SOL,https://coinmarketcap.com/currencies/solana/,$96.97
XRP7XRP,https://coinmarketcap.com/currencies/xrp/,$0.6666
Terra8LUNA,https://coinmarketcap.com/currencies/terra-luna/,$90.01
Cardano9ADA,https://coinmarketcap.com/currencies/cardano/,$0.8564
Avalanche10AVAX,https://coinmarketcap.com/currencies/avalanche/,$69.50
DogecoinDOGE,https://coinmarketcap.com/currencies/dogecoin/,$0.14
TerraUSDUST,https://coinmarketcap.com/currencies/terrausd/,$1.00
Binance USDBUSD,https://coinmarketcap.com/currencies/binance-usd/,$1.00
PolkadotDOT,https://coinmarketcap.com/currencies/polkadot-new/,$17.49
Shiba InuSHIB,https://coinmarketcap.com/currencies/shiba-inu/,$0.00
Wrapped BitcoinWBTC,https://coinmarketcap.com/currencies/wrapped-bitcoin/,$38836.36
PolygonMATIC,https://coinmarketcap.com/currencies/polygon/,$1.29
CronosCRO,https://coinmarketcap.com/currencies/cronos/,$0.39
NEAR ProtocolNEAR,https://coinmarketcap.com/currencies/near-protocol/,$14.01
DaiDAI,https://coinmarketcap.com/currencies/multi-collateral-dai/,$1.00
LitecoinLTC,https://coinmarketcap.com/currencies/litecoin/,$101.59
TRONTRX,https://coinmarketcap.com/currencies/tron/,$0.06
CosmosATOM,https://coinmarketcap.com/currencies/cosmos/,$21.33
ChainlinkLINK,https://coinmarketcap.com/currencies/chainlink/,$12.93
UniswapUNI,https://coinmarketcap.com/currencies/uniswap/,$8.49
Bitcoin CashBCH,https://coinmarketcap.com/currencies/bitcoin-cash/,$307.00
UNUS SED LEOLEO,https://coinmarketcap.com/currencies/unus-sed-leo/,$5.92
FTX TokenFTT,https://coinmarketcap.com/currencies/ftx-token/,$40.60
ApeCoinAPE,https://coinmarketcap.com/currencies/apecoin-ape/,$17.32
StellarXLM,https://coinmarketcap.com/currencies/stellar/,$0.18
AlgorandALGO,https://coinmarketcap.com/currencies/algorand/,$0.68
Ethereum ClassicETC,https://coinmarketcap.com/currencies/ethereum-classic/,$32.32
MoneroXMR,https://coinmarketcap.com/currencies/monero/,$239.31
HederaHBAR,https://coinmarketcap.com/currencies/hedera/,$0.18
Internet ComputerICP,https://coinmarketcap.com/currencies/internet-computer/,$15.54
DecentralandMANA,https://coinmarketcap.com/currencies/decentraland/,$1.90
FilecoinFIL,https://coinmarketcap.com/currencies/filecoin/,$17.98
VeChainVET,https://coinmarketcap.com/currencies/vechain/,$0.05
ElrondEGLD,https://coinmarketcap.com/currencies/elrond-egld/,$149.59
The SandboxSAND,https://coinmarketcap.com/currencies/the-sandbox/,$2.62
Theta NetworkTHETA,https://coinmarketcap.com/currencies/theta-network/,$2.88
THORChainRUNE,https://coinmarketcap.com/currencies/thorchain/,$7.91
FantomFTM,https://coinmarketcap.com/currencies/fantom/,$1.02
TezosXTZ,https://coinmarketcap.com/currencies/tezos/,$2.86
Axie InfinityAXS,https://coinmarketcap.com/currencies/axie-infinity/,$41.30
PancakeSwapCAKE,https://coinmarketcap.com/currencies/pancakeswap/,$8.73
KlaytnKLAY,https://coinmarketcap.com/currencies/klaytn/,$0.88
EOSEOS,https://coinmarketcap.com/currencies/eos/,$2.30
AaveAAVE,https://coinmarketcap.com/currencies/aave/,$160.31
ZcashZEC,https://coinmarketcap.com/currencies/zcash/,$150.55
STEPNGMT,https://coinmarketcap.com/currencies/green-metaverse-token/,$3.24
HeliumHNT,https://coinmarketcap.com/currencies/helium/,$16.60
FlowFLOW,https://coinmarketcap.com/currencies/flow/,$5.28
KuCoin TokenKCS,https://coinmarketcap.com/currencies/kucoin-token/,$19.26
WavesWAVES,https://coinmarketcap.com/currencies/waves/,$16.46
IOTAMIOTA,https://coinmarketcap.com/currencies/iota/,$0.63
MakerMKR,https://coinmarketcap.com/currencies/maker/,$1726.34
BitTorrent-NewBTT,https://coinmarketcap.com/currencies/bittorrent-new/,$0.00
eCashXEC,https://coinmarketcap.com/currencies/ecash/,$0.00
The GraphGRT,https://coinmarketcap.com/currencies/the-graph/,$0.34
Bitcoin SVBSV,https://coinmarketcap.com/currencies/bitcoin-sv/,$77.99
Huobi TokenHT,https://coinmarketcap.com/currencies/huobi-token/,$9.40
Convex FinanceCVX,https://coinmarketcap.com/currencies/convex-finance/,$24.80
StacksSTX,https://coinmarketcap.com/currencies/stacks/,$1.07
NeoNEO,https://coinmarketcap.com/currencies/neo/,$19.34
TrueUSDTUSD,https://coinmarketcap.com/currencies/trueusd/,$1.00
KusamaKSM,https://coinmarketcap.com/currencies/kusama/,$154.47
HarmonyONE,https://coinmarketcap.com/currencies/harmony/,$0.11
ZilliqaZIL,https://coinmarketcap.com/currencies/zilliqa/,$0.10
QuantQNT,https://coinmarketcap.com/currencies/quant/,$103.76
GalaGALA,https://coinmarketcap.com/currencies/gala/,$0.18
CeloCELO,https://coinmarketcap.com/currencies/celo/,$2.80
ChilizCHZ,https://coinmarketcap.com/currencies/chiliz/,$0.20
NexoNEXO,https://coinmarketcap.com/currencies/nexo/,$2.16
Curve DAO TokenCRV,https://coinmarketcap.com/currencies/curve-dao-token/,$2.57
OKBOKB,https://coinmarketcap.com/currencies/okb/,$19.65
Enjin CoinENJ,https://coinmarketcap.com/currencies/enjin-coin/,$1.32
LoopringLRC,https://coinmarketcap.com/currencies/loopring/,$0.86
Basic Attention TokenBAT,https://coinmarketcap.com/currencies/basic-attention-token/,$0.69
DashDASH,https://coinmarketcap.com/currencies/dash/,$96.53
MinaMINA,https://coinmarketcap.com/currencies/mina/,$2.08
Pax DollarUSDP,https://coinmarketcap.com/currencies/paxos-standard/,$1.00
Neutrino USDUSDN,https://coinmarketcap.com/currencies/neutrino-usd/,$0.96
KavaKAVA,https://coinmarketcap.com/currencies/kava/,$5.13
AmpAMP,https://coinmarketcap.com/currencies/amp/,$0.02
Kyber Network Crystal v2KNC,https://coinmarketcap.com/currencies/kyber-network-crystal-v2/,$5.01
ArweaveAR,https://coinmarketcap.com/currencies/arweave/,$26.47
DecredDCR,https://coinmarketcap.com/currencies/decred/,$61.01
CompoundCOMP,https://coinmarketcap.com/currencies/compound/,$126.32
NEMXEM,https://coinmarketcap.com/currencies/nem/,$0.09
Theta FuelTFUEL,https://coinmarketcap.com/currencies/theta-fuel/,$0.16
KadenaKDA,https://coinmarketcap.com/currencies/kadena/,$4.76
HoloHOT,https://coinmarketcap.com/currencies/holo/,$0.00
MoonbeamGLMR,https://coinmarketcap.com/currencies/moonbeam/,$3.25
Oasis NetworkROSE,https://coinmarketcap.com/currencies/oasis-network/,$0.20
AudiusAUDIO,https://coinmarketcap.com/currencies/audius/,$1.12
ICONICX,https://coinmarketcap.com/currencies/icon/,$0.75
SecretSCRT,https://coinmarketcap.com/currencies/secret/,$4.21
XDC NetworkXDC,https://coinmarketcap.com/currencies/xinfin/,$0.06
yearn.financeYFI,https://coinmarketcap.com/currencies/yearn-finance/,$18192.66
Bitcoin1BTC,https://coinmarketcap.com/currencies/bitcoin/,"$38,772.84"
Ethereum2ETH,https://coinmarketcap.com/currencies/ethereum/,"$2,858.63"
Tether3USDT,https://coinmarketcap.com/currencies/tether/,$1.00
BNB4BNB,https://coinmarketcap.com/currencies/bnb/,$392.31
USD Coin5USDC,https://coinmarketcap.com/currencies/usd-coin/,$1.00
Solana6SOL,https://coinmarketcap.com/currencies/solana/,$96.67
XRP7XRP,https://coinmarketcap.com/currencies/xrp/,$0.6648
Terra8LUNA,https://coinmarketcap.com/currencies/terra-luna/,$89.66
Cardano9ADA,https://coinmarketcap.com/currencies/cardano/,$0.8537
Avalanche10AVAX,https://coinmarketcap.com/currencies/avalanche/,$69.34
DogecoinDOGE,https://coinmarketcap.com/currencies/dogecoin/,$0.14
TerraUSDUST,https://coinmarketcap.com/currencies/terrausd/,$1.00
Binance USDBUSD,https://coinmarketcap.com/currencies/binance-usd/,$1.00
PolkadotDOT,https://coinmarketcap.com/currencies/polkadot-new/,$17.42
Shiba InuSHIB,https://coinmarketcap.com/currencies/shiba-inu/,$0.00
Wrapped BitcoinWBTC,https://coinmarketcap.com/currencies/wrapped-bitcoin/,$38834.52
PolygonMATIC,https://coinmarketcap.com/currencies/polygon/,$1.29
CronosCRO,https://coinmarketcap.com/currencies/cronos/,$0.39
NEAR ProtocolNEAR,https://coinmarketcap.com/currencies/near-protocol/,$14.05
DaiDAI,https://coinmarketcap.com/currencies/multi-collateral-dai/,$1.00
LitecoinLTC,https://coinmarketcap.com/currencies/litecoin/,$101.51
TRONTRX,https://coinmarketcap.com/currencies/tron/,$0.06
CosmosATOM,https://coinmarketcap.com/currencies/cosmos/,$21.30
ChainlinkLINK,https://coinmarketcap.com/currencies/chainlink/,$12.91
UniswapUNI,https://coinmarketcap.com/currencies/uniswap/,$8.47
Bitcoin CashBCH,https://coinmarketcap.com/currencies/bitcoin-cash/,$305.87
UNUS SED LEOLEO,https://coinmarketcap.com/currencies/unus-sed-leo/,$5.89
FTX TokenFTT,https://coinmarketcap.com/currencies/ftx-token/,$40.52
ApeCoinAPE,https://coinmarketcap.com/currencies/apecoin-ape/,$17.26
AlgorandALGO,https://coinmarketcap.com/currencies/algorand/,$0.68
StellarXLM,https://coinmarketcap.com/currencies/stellar/,$0.18
Ethereum ClassicETC,https://coinmarketcap.com/currencies/ethereum-classic/,$32.26
MoneroXMR,https://coinmarketcap.com/currencies/monero/,$237.96
HederaHBAR,https://coinmarketcap.com/currencies/hedera/,$0.17
Internet ComputerICP,https://coinmarketcap.com/currencies/internet-computer/,$15.52
DecentralandMANA,https://coinmarketcap.com/currencies/decentraland/,$1.89
FilecoinFIL,https://coinmarketcap.com/currencies/filecoin/,$17.98
VeChainVET,https://coinmarketcap.com/currencies/vechain/,$0.05
ElrondEGLD,https://coinmarketcap.com/currencies/elrond-egld/,$149.17
The SandboxSAND,https://coinmarketcap.com/currencies/the-sandbox/,$2.61
Theta NetworkTHETA,https://coinmarketcap.com/currencies/theta-network/,$2.86
THORChainRUNE,https://coinmarketcap.com/currencies/thorchain/,$7.92
FantomFTM,https://coinmarketcap.com/currencies/fantom/,$1.01
TezosXTZ,https://coinmarketcap.com/currencies/tezos/,$2.85
Axie InfinityAXS,https://coinmarketcap.com/currencies/axie-infinity/,$41.17
PancakeSwapCAKE,https://coinmarketcap.com/currencies/pancakeswap/,$8.73
KlaytnKLAY,https://coinmarketcap.com/currencies/klaytn/,$0.88
EOSEOS,https://coinmarketcap.com/currencies/eos/,$2.30
AaveAAVE,https://coinmarketcap.com/currencies/aave/,$160.06
ZcashZEC,https://coinmarketcap.com/currencies/zcash/,$150.25
STEPNGMT,https://coinmarketcap.com/currencies/green-metaverse-token/,$3.23
HeliumHNT,https://coinmarketcap.com/currencies/helium/,$16.61
FlowFLOW,https://coinmarketcap.com/currencies/flow/,$5.26
KuCoin TokenKCS,https://coinmarketcap.com/currencies/kucoin-token/,$19.18
WavesWAVES,https://coinmarketcap.com/currencies/waves/,$16.43
IOTAMIOTA,https://coinmarketcap.com/currencies/iota/,$0.63
MakerMKR,https://coinmarketcap.com/currencies/maker/,$1731.27
BitTorrent-NewBTT,https://coinmarketcap.com/currencies/bittorrent-new/,$0.00
eCashXEC,https://coinmarketcap.com/currencies/ecash/,$0.00
The GraphGRT,https://coinmarketcap.com/currencies/the-graph/,$0.34
Bitcoin SVBSV,https://coinmarketcap.com/currencies/bitcoin-sv/,$77.70
Huobi TokenHT,https://coinmarketcap.com/currencies/huobi-token/,$9.39
Convex FinanceCVX,https://coinmarketcap.com/currencies/convex-finance/,$24.94
StacksSTX,https://coinmarketcap.com/currencies/stacks/,$1.07
NeoNEO,https://coinmarketcap.com/currencies/neo/,$19.30
TrueUSDTUSD,https://coinmarketcap.com/currencies/trueusd/,$1.00
KusamaKSM,https://coinmarketcap.com/currencies/kusama/,$154.18
HarmonyONE,https://coinmarketcap.com/currencies/harmony/,$0.11
ZilliqaZIL,https://coinmarketcap.com/currencies/zilliqa/,$0.10
QuantQNT,https://coinmarketcap.com/currencies/quant/,$103.61
GalaGALA,https://coinmarketcap.com/currencies/gala/,$0.18
NexoNEXO,https://coinmarketcap.com/currencies/nexo/,$2.17
CeloCELO,https://coinmarketcap.com/currencies/celo/,$2.79
ChilizCHZ,https://coinmarketcap.com/currencies/chiliz/,$0.20
Curve DAO TokenCRV,https://coinmarketcap.com/currencies/curve-dao-token/,$2.57
OKBOKB,https://coinmarketcap.com/currencies/okb/,$19.61
Enjin CoinENJ,https://coinmarketcap.com/currencies/enjin-coin/,$1.32
LoopringLRC,https://coinmarketcap.com/currencies/loopring/,$0.85
Basic Attention TokenBAT,https://coinmarketcap.com/currencies/basic-attention-token/,$0.69
DashDASH,https://coinmarketcap.com/currencies/dash/,$96.54
MinaMINA,https://coinmarketcap.com/currencies/mina/,$2.07
Pax DollarUSDP,https://coinmarketcap.com/currencies/paxos-standard/,$1.00
Neutrino USDUSDN,https://coinmarketcap.com/currencies/neutrino-usd/,$0.96
KavaKAVA,https://coinmarketcap.com/currencies/kava/,$5.15
AmpAMP,https://coinmarketcap.com/currencies/amp/,$0.02
Kyber Network Crystal v2KNC,https://coinmarketcap.com/currencies/kyber-network-crystal-v2/,$5.02
ArweaveAR,https://coinmarketcap.com/currencies/arweave/,$26.45
DecredDCR,https://coinmarketcap.com/currencies/decred/,$61.12
CompoundCOMP,https://coinmarketcap.com/currencies/compound/,$126.16
NEMXEM,https://coinmarketcap.com/currencies/nem/,$0.09
Theta FuelTFUEL,https://coinmarketcap.com/currencies/theta-fuel/,$0.16
KadenaKDA,https://coinmarketcap.com/currencies/kadena/,$4.72
HoloHOT,https://coinmarketcap.com/currencies/holo/,$0.00
MoonbeamGLMR,https://coinmarketcap.com/currencies/moonbeam/,$3.24
Oasis NetworkROSE,https://coinmarketcap.com/currencies/oasis-network/,$0.20
AudiusAUDIO,https://coinmarketcap.com/currencies/audius/,$1.11
ICONICX,https://coinmarketcap.com/currencies/icon/,$0.75
SecretSCRT,https://coinmarketcap.com/currencies/secret/,$4.19
XDC NetworkXDC,https://coinmarketcap.com/currencies/xinfin/,$0.06
yearn.financeYFI,https://coinmarketcap.com/currencies/yearn-finance/,$18200.67
BORA101BORA,https://coinmarketcap.com/currencies/bora/,$0.7583
IoTeX102IOTX,https://coinmarketcap.com/currencies/iotex/,$0.06801
Qtum103QTUM,https://coinmarketcap.com/currencies/qtum/,$6.18
0x104ZRX,https://coinmarketcap.com/currencies/0x/,$0.7493
Synthetix105SNX,https://coinmarketcap.com/currencies/synthetix-network-token/,$5.51
Anchor Protocol106ANC,https://coinmarketcap.com/currencies/anchor-protocol/,$1.82
PAX Gold107PAXG,https://coinmarketcap.com/currencies/pax-gold/,"$1,906.04"
SKALE Network108SKL,https://coinmarketcap.com/currencies/skale-network/,$0.1751
OMG Network109OMG,https://coinmarketcap.com/currencies/omg/,$4.30
Gnosis110GNO,https://coinmarketcap.com/currencies/gnosis-gno/,$319.67
SymbolXYM,https://coinmarketcap.com/currencies/symbol/,$0.10
SerumSRM,https://coinmarketcap.com/currencies/serum/,$2.17
AnkrANKR,https://coinmarketcap.com/currencies/ankr/,$0.07
BancorBNT,https://coinmarketcap.com/currencies/bancor/,$2.16
1inch Network1INCH,https://coinmarketcap.com/currencies/1inch/,$1.35
Bitcoin GoldBTG,https://coinmarketcap.com/currencies/bitcoin-gold/,$31.69
SXPSXP,https://coinmarketcap.com/currencies/sxp/,$1.15
LivepeerLPT,https://coinmarketcap.com/currencies/livepeer/,$26.09
Dogelon MarsELON,https://coinmarketcap.com/currencies/dogelon/,$0.00
IOSTIOST,https://coinmarketcap.com/currencies/iostoken/,$0.03
RavencoinRVN,https://coinmarketcap.com/currencies/ravencoin/,$0.05
WAXWAXP,https://coinmarketcap.com/currencies/wax/,$0.26
CelsiusCEL,https://coinmarketcap.com/currencies/celsius/,$2.07
GateTokenGT,https://coinmarketcap.com/currencies/gatetoken/,$6.25
SiacoinSC,https://coinmarketcap.com/currencies/siacoin/,$0.01
JUSTJST,https://coinmarketcap.com/currencies/just/,$0.06
Frax ShareFXS,https://coinmarketcap.com/currencies/frax-share/,$27.48
WOO NetworkWOO,https://coinmarketcap.com/currencies/wootrade/,$0.43
renBTCRENBTC,https://coinmarketcap.com/currencies/renbtc/,$39004.54
OntologyONT,https://coinmarketcap.com/currencies/ontology/,$0.50
Acala TokenACA,https://coinmarketcap.com/currencies/acala/,$1.17
APENFTNFT,https://coinmarketcap.com/currencies/apenft/,$0.00
HorizenZEN,https://coinmarketcap.com/currencies/horizen/,$34.43
Fei USDFEI,https://coinmarketcap.com/currencies/fei-usd/,$0.99
SwissBorgCHSB,https://coinmarketcap.com/currencies/swissborg/,$0.41
RallyRLY,https://coinmarketcap.com/currencies/rally/,$0.15
SushiSwapSUSHI,https://coinmarketcap.com/currencies/sushiswap/,$3.17
Render TokenRNDR,https://coinmarketcap.com/currencies/render-token/,$1.66
GolemGLM,https://coinmarketcap.com/currencies/golem-network-tokens/,$0.40
Immutable XIMX,https://coinmarketcap.com/currencies/immutable-x/,$1.69
StorjSTORJ,https://coinmarketcap.com/currencies/storj/,$1.02
UMAUMA,https://coinmarketcap.com/currencies/uma/,$5.77
Voyager TokenVGX,https://coinmarketcap.com/currencies/voyager-token/,$1.34
VelasVLX,https://coinmarketcap.com/currencies/velas/,$0.16
PolymathPOLY,https://coinmarketcap.com/currencies/polymath-network/,$0.40
RevainREV,https://coinmarketcap.com/currencies/revain/,$0.00
HiveHIVE,https://coinmarketcap.com/currencies/hive-blockchain/,$0.87
BraintrustBTRST,https://coinmarketcap.com/currencies/braintrust/,$3.92
DigiByteDGB,https://coinmarketcap.com/currencies/digibyte/,$0.02
Spell TokenSPELL,https://coinmarketcap.com/currencies/spell-token/,$0.00
RenREN,https://coinmarketcap.com/currencies/ren/,$0.34
SyscoinSYS,https://coinmarketcap.com/currencies/syscoin/,$0.50
Trust Wallet TokenTWT,https://coinmarketcap.com/currencies/trust-wallet-token/,$1.12
IlluviumILV,https://coinmarketcap.com/currencies/illuvium/,$495.81
CEEK VRCEEK,https://coinmarketcap.com/currencies/ceek-vr/,$0.43
CasperCSPR,https://coinmarketcap.com/currencies/casper/,$0.07
Keep NetworkKEEP,https://coinmarketcap.com/currencies/keep-network/,$0.49
Nervos NetworkCKB,https://coinmarketcap.com/currencies/nervos-network/,$0.01
Perpetual ProtocolPERP,https://coinmarketcap.com/currencies/perpetual-protocol/,$4.09
Celer NetworkCELR,https://coinmarketcap.com/currencies/celer-network/,$0.05
PlayDappPLA,https://coinmarketcap.com/currencies/playdapp/,$0.84
Ethereum Name ServiceENS,https://coinmarketcap.com/currencies/ethereum-name-service/,$14.85
FluxFLUX,https://coinmarketcap.com/currencies/zel/,$1.29
Ocean ProtocolOCEAN,https://coinmarketcap.com/currencies/ocean-protocol/,$0.49
TelcoinTEL,https://coinmarketcap.com/currencies/telcoin/,$0.00
dYdXDYDX,https://coinmarketcap.com/currencies/dydx/,$4.32
DigitalBitsXDB,https://coinmarketcap.com/currencies/digitalbits/,$0.29
MXCMXC,https://coinmarketcap.com/currencies/mxc/,$0.10
WINkLinkWIN,https://coinmarketcap.com/currencies/wink/,$0.00
ConfluxCFX,https://coinmarketcap.com/currencies/conflux-network/,$0.16
PersistenceXPRT,https://coinmarketcap.com/currencies/persistence/,$2.68
NanoXNO,https://coinmarketcap.com/currencies/nano/,$1.96
LiskLSK,https://coinmarketcap.com/currencies/lisk/,$2.00
RaydiumRAY,https://coinmarketcap.com/currencies/raydium/,$2.54
InjectiveINJ,https://coinmarketcap.com/currencies/injective-protocol/,$4.51
UltraUOS,https://coinmarketcap.com/currencies/ultra/,$0.88
Coin98C98,https://coinmarketcap.com/currencies/coin98/,$1.34
Fetch.aiFET,https://coinmarketcap.com/currencies/fetch/,$0.33
Vulcan Forged PYRPYR,https://coinmarketcap.com/currencies/vulcan-forged-pyr/,$10.37
MX TOKENMX,https://coinmarketcap.com/currencies/mx-token/,$2.47
NuCypherNU,https://coinmarketcap.com/currencies/nucypher/,$0.35
DentDENT,https://coinmarketcap.com/currencies/dent/,$0.00
ChiaXCH,https://coinmarketcap.com/currencies/chia-network/,$63.21
Gemini DollarGUSD,https://coinmarketcap.com/currencies/gemini-dollar/,$1.00
Bridge OracleBRG,https://coinmarketcap.com/currencies/bridge-oracle/,$0.03
PowerledgerPOWR,https://coinmarketcap.com/currencies/power-ledger/,$0.48
ConstitutionDAOPEOPLE,https://coinmarketcap.com/currencies/constitutiondao/,$0.05
MediBlocMED,https://coinmarketcap.com/currencies/medibloc/,$0.04
Pundi X (New)PUNDIX,https://coinmarketcap.com/currencies/pundix-new/,$0.87
TribeTRIBE,https://coinmarketcap.com/currencies/tribe/,$0.50
ChromiaCHR,https://coinmarketcap.com/currencies/chromia/,$0.39
OrbsORBS,https://coinmarketcap.com/currencies/orbs/,$0.08
Origin ProtocolOGN,https://coinmarketcap.com/currencies/origin-protocol/,$0.56
XYOXYO,https://coinmarketcap.com/currencies/xyo/,$0.02
JOEJOE,https://coinmarketcap.com/currencies/joe/,$0.99
WazirXWRX,https://coinmarketcap.com/currencies/wazirx/,$0.56
COTICOTI,https://coinmarketcap.com/currencies/coti/,$0.21
ConstellationDAG,https://coinmarketcap.com/currencies/constellation/,$0.17
SuperFarmSUPER,https://coinmarketcap.com/currencies/superfarm/,$0.53
Ontology GasONG,https://coinmarketcap.com/currencies/ontology-gas/,$0.68
HEX201HEX,https://coinmarketcap.com/currencies/hex/,$0.1256
Lido Staked ETH202stETH,https://coinmarketcap.com/currencies/steth/,"$2,853.00"
Wrapped TRON203WTRX,https://coinmarketcap.com/currencies/wrapped-tron/,$0.06336
Bitcoin BEP2204BTCB,https://coinmarketcap.com/currencies/bitcoin-bep2/,"$38,866.71"
Frax205FRAX,https://coinmarketcap.com/currencies/frax/,$1.00
Toncoin206TON,https://coinmarketcap.com/currencies/toncoin/,$1.95
Wrapped BNB207WBNB,https://coinmarketcap.com/currencies/wbnb/,$392.34
DeFiChain208DFI,https://coinmarketcap.com/currencies/defichain/,$4.18
BitTorrent209BTTOLD,https://coinmarketcap.com/currencies/bittorrent/,$0.001767
Chain210XCN,https://coinmarketcap.com/currencies/chain/,$0.09885
Huobi BTCHBTC,https://coinmarketcap.com/currencies/huobi-btc/,$38817.74
OsmosisOSMO,https://coinmarketcap.com/currencies/osmosis/,$4.82
ThresholdT,https://coinmarketcap.com/currencies/threshold/,$0.10
SafeSAFE,https://coinmarketcap.com/currencies/safe/,$38.94
LINKLN,https://coinmarketcap.com/currencies/link/,$125.75
BitDAOBIT,https://coinmarketcap.com/currencies/bitdao/,$1.25
Liquity USDLUSD,https://coinmarketcap.com/currencies/liquity-usd/,$1.00
NXMNXM,https://coinmarketcap.com/currencies/nxm/,$96.41
Counos XCCXX,https://coinmarketcap.com/currencies/counos-x/,$31.14
Tether GoldXAUT,https://coinmarketcap.com/currencies/tether-gold/,$1905.07
EverscaleEVER,https://coinmarketcap.com/currencies/everscale/,$0.37
AstarASTR,https://coinmarketcap.com/currencies/astar/,$0.17
The Transfer TokenTTT,https://coinmarketcap.com/currencies/the-transfer-token/,$4.07
Radio CacaRACA,https://coinmarketcap.com/currencies/radio-caca/,$0.00
WEMIXWEMIX,https://coinmarketcap.com/currencies/wemix/,$3.36
HUSDHUSD,https://coinmarketcap.com/currencies/husd/,$1.00
WhiteCoinXWC,https://coinmarketcap.com/currencies/whitecoin/,$0.51
Wrapped VelasWVLX,https://coinmarketcap.com/currencies/wrapped-velas/,$0.15
SapphireSAPP,https://coinmarketcap.com/currencies/sapphire/,$0.64
VVS FinanceVVS,https://coinmarketcap.com/currencies/vvs-finance/,$0.00
KOKKOK,https://coinmarketcap.com/currencies/keystone-of-opportunity-knowledge/,$3.04
Rocket PoolRPL,https://coinmarketcap.com/currencies/rocket-pool/,$31.58
Lido DAOLDO,https://coinmarketcap.com/currencies/lido-dao/,$3.01
Pirate ChainARRR,https://coinmarketcap.com/currencies/pirate-chain/,$1.61
SafeMoonSAFEMOON,https://coinmarketcap.com/currencies/safemoon/,$0.00
ChainbingCBG,https://coinmarketcap.com/currencies/chainbing/,$9.05
FruitsFRTS,https://coinmarketcap.com/currencies/fruits-eco/,$0.01
Decentralized SocialDESO,https://coinmarketcap.com/currencies/deso/,$32.92
Bitpanda Ecosystem TokenBEST,https://coinmarketcap.com/currencies/bitpanda-ecosystem-token/,$0.82
MobileCoinMOB,https://coinmarketcap.com/currencies/mobilecoin/,$3.52
BiswapBSW,https://coinmarketcap.com/currencies/biswap/,$1.12
MapleMPL,https://coinmarketcap.com/currencies/maple/,$55.07
Mirrored ProShares VIXmVIXY,https://coinmarketcap.com/currencies/mirrored-proshares-vix-short-term-futures-etf/,$106.15
MVLMVL,https://coinmarketcap.com/currencies/mvl/,$0.01
HumanscapeHUM,https://coinmarketcap.com/currencies/humanscape/,$0.31
AuroraAURORA,https://coinmarketcap.com/currencies/aurora-near/,$9.41
SologenicSOLO,https://coinmarketcap.com/currencies/sologenic/,$0.53
BinaryXBNX,https://coinmarketcap.com/currencies/binaryx/,$103.08
ArdorARDR,https://coinmarketcap.com/currencies/ardor/,$0.21
StatusSNT,https://coinmarketcap.com/currencies/status/,$0.06
RequestREQ,https://coinmarketcap.com/currencies/request/,$0.21
Yield Guild GamesYGG,https://coinmarketcap.com/currencies/yield-guild-games/,$1.75
AnyswapANY,https://coinmarketcap.com/currencies/anyswap/,$10.73
Function XFX,https://coinmarketcap.com/currencies/function-x/,$0.48
Mines of DalarniaDAR,https://coinmarketcap.com/currencies/mines-of-dalarnia/,$1.04
MoonriverMOVR,https://coinmarketcap.com/currencies/moonriver/,$48.00
DiviDIVI,https://coinmarketcap.com/currencies/divi/,$0.07
CivicCVC,https://coinmarketcap.com/currencies/civic/,$0.28
DAO MakerDAO,https://coinmarketcap.com/currencies/dao-maker/,$2.64
MyNeighborAliceALICE,https://coinmarketcap.com/currencies/myneighboralice/,$5.99
MdexMDX,https://coinmarketcap.com/currencies/mdex/,$0.20
NumeraireNMR,https://coinmarketcap.com/currencies/numeraire/,$30.80
Boba NetworkBOBA,https://coinmarketcap.com/currencies/boba-network/,$1.13
CartesiCTSI,https://coinmarketcap.com/currencies/cartesi/,$0.32
LUKSOLYXe,https://coinmarketcap.com/currencies/lukso/,$11.77
OriginTrailTRAC,https://coinmarketcap.com/currencies/origintrail/,$0.49
Reserve RightsRSR,https://coinmarketcap.com/currencies/reserve-rights/,$0.01
MOBOXMBOX,https://coinmarketcap.com/currencies/mobox/,$2.21
MetisDAOMETIS,https://coinmarketcap.com/currencies/metisdao/,$59.46
aelfELF,https://coinmarketcap.com/currencies/aelf/,$0.32
MetalMTL,https://coinmarketcap.com/currencies/metal/,$2.60
StormXSTMX,https://coinmarketcap.com/currencies/stormx/,$0.02
TelosTLOS,https://coinmarketcap.com/currencies/telos/,$0.62
USDX [Kava]USDX,https://coinmarketcap.com/currencies/usdx-kava/,$0.97
VeThor TokenVTHO,https://coinmarketcap.com/currencies/vethor-token/,$0.00
Bitcoin Standard Hashrate TokenBTCST,https://coinmarketcap.com/currencies/btc-standard-hashrate-token/,$14.68
Rari Governance TokenRGT,https://coinmarketcap.com/currencies/rari-governance-token/,$13.49
TitanSwapTITAN,https://coinmarketcap.com/currencies/titanswap/,$3.11
Orbit ChainORC,https://coinmarketcap.com/currencies/orbit-chain/,$0.27
UFO GamingUFO,https://coinmarketcap.com/currencies/ufo-gaming/,$0.00
inSure DeFiSURE,https://coinmarketcap.com/currencies/insure/,$0.01
DeroDERO,https://coinmarketcap.com/currencies/dero/,$13.00
1eco1ECO,https://coinmarketcap.com/currencies/1eco/,$6.08
SteemSTEEM,https://coinmarketcap.com/currencies/steem/,$0.41
MetaheroHERO,https://coinmarketcap.com/currencies/metahero/,$0.03
AragonANT,https://coinmarketcap.com/currencies/aragon/,$4.00
ReefREEF,https://coinmarketcap.com/currencies/reef/,$0.01
VergeXVG,https://coinmarketcap.com/currencies/verge/,$0.01
OrchidOXT,https://coinmarketcap.com/currencies/orchid/,$0.23
XSGDXSGD,https://coinmarketcap.com/currencies/xsgd/,$0.73
Alpha Venture DAOALPHA,https://coinmarketcap.com/currencies/alpha-finance-lab/,$0.34
EllipsisEPS,https://coinmarketcap.com/currencies/ellipsis/,$0.21
Bifrost (BFC)BFC,https://coinmarketcap.com/currencies/bifrost/,$0.14
HedgeTradeHEDG,https://coinmarketcap.com/currencies/hedgetrade/,$0.43
API3API3,https://coinmarketcap.com/currencies/api3/,$4.02
HxroHXRO,https://coinmarketcap.com/currencies/hxro/,$0.35
iExec RLCRLC,https://coinmarketcap.com/currencies/rlc/,$1.83
BiconomyBICO,https://coinmarketcap.com/currencies/biconomy/,$1.19
Energy Web TokenEWT,https://coinmarketcap.com/currencies/energy-web-token/,$4.84
AugurREP,https://coinmarketcap.com/currencies/augur/,$13.22
Sun (New)301SUN,https://coinmarketcap.com/currencies/sun-token/,$0.01367
BakeryToken302BAKE,https://coinmarketcap.com/currencies/bakerytoken/,$0.7321
Locus Chain303LOCUS,https://coinmarketcap.com/currencies/locus-chain/,$0.16
Hyperion304HYN,https://coinmarketcap.com/currencies/hyperion/,$0.6826
Stratis305STRAX,https://coinmarketcap.com/currencies/stratis/,$1.02
Beta Finance306BETA,https://coinmarketcap.com/currencies/beta-finance/,$0.3536
ASD307ASD,https://coinmarketcap.com/currencies/bitmax-token/,$0.2013
STASIS EURO308EURS,https://coinmarketcap.com/currencies/stasis-euro/,$1.07
Prometeus309PROM,https://coinmarketcap.com/currencies/prometeus/,$8.05
NKN310NKN,https://coinmarketcap.com/currencies/nkn/,$0.189
sUSDSUSD,https://coinmarketcap.com/currencies/susd/,$1.00
SifChainerowan,https://coinmarketcap.com/currencies/sifchain/,$0.12
ArkARK,https://coinmarketcap.com/currencies/ark/,$0.96
GXChainGXC,https://coinmarketcap.com/currencies/gxchain/,$1.74
Alchemy PayACH,https://coinmarketcap.com/currencies/alchemy-pay/,$0.03
MangoMNGO,https://coinmarketcap.com/currencies/mango-markets/,$0.13
ssv.networkSSV,https://coinmarketcap.com/currencies/ssv-network/,$12.90
AVINOCAVINOC,https://coinmarketcap.com/currencies/avinoc/,$0.33
QuarkChainQKC,https://coinmarketcap.com/currencies/quarkchain/,$0.02
MetadiumMETA,https://coinmarketcap.com/currencies/metadium/,$0.08
RadicleRAD,https://coinmarketcap.com/currencies/radicle/,$4.19
MaidSafeCoinMAID,https://coinmarketcap.com/currencies/maidsafecoin/,$0.28
Akash NetworkAKT,https://coinmarketcap.com/currencies/akash-network/,$1.11
Standard Tokenization ProtocolSTPT,https://coinmarketcap.com/currencies/standard-tokenization-protocol/,$0.09
RakonRKN,https://coinmarketcap.com/currencies/rakon/,$0.51
PropyPRO,https://coinmarketcap.com/currencies/propy/,$1.69
StrikeSTRK,https://coinmarketcap.com/currencies/strike/,$39.36
KleverKLV,https://coinmarketcap.com/currencies/klever/,$0.04
Dawn ProtocolDAWN,https://coinmarketcap.com/currencies/dawn-protocol/,$1.70
MovieBlocMBL,https://coinmarketcap.com/currencies/moviebloc/,$0.01
Band ProtocolBAND,https://coinmarketcap.com/currencies/band-protocol/,$3.47
SingularityNETAGIX,https://coinmarketcap.com/currencies/singularitynet/,$0.12
SOMESINGSSX,https://coinmarketcap.com/currencies/somesing/,$0.05
ErgoERG,https://coinmarketcap.com/currencies/ergo/,$3.69
LiquityLQTY,https://coinmarketcap.com/currencies/liquity/,$1.70
Dusk NetworkDUSK,https://coinmarketcap.com/currencies/dusk-network/,$0.30
VenusXVS,https://coinmarketcap.com/currencies/venus/,$9.68
FUNTokenFUN,https://coinmarketcap.com/currencies/funtoken/,$0.01
RMRKRMRK,https://coinmarketcap.com/currencies/rmrk/,$12.07
Mask NetworkMASK,https://coinmarketcap.com/currencies/mask-network/,$3.94
CENNZnetCENNZ,https://coinmarketcap.com/currencies/centrality/,$0.09
World Mobile TokenWMT,https://coinmarketcap.com/currencies/world-mobile-token/,$0.46
Dvision NetworkDVI,https://coinmarketcap.com/currencies/dvision-network/,$0.34
RSK Infrastructure FrameworkRIF,https://coinmarketcap.com/currencies/rsk-infrastructure-framework/,$0.13
AavegotchiGHST,https://coinmarketcap.com/currencies/aavegotchi/,$1.87
DeversiFiDVF,https://coinmarketcap.com/currencies/deversifi/,$4.63
BloktopiaBLOK,https://coinmarketcap.com/currencies/bloktopia/,$0.01
Sport and LeisureSNL,https://coinmarketcap.com/currencies/sport-and-leisure/,$0.16
PolkastarterPOLS,https://coinmarketcap.com/currencies/polkastarter/,$1.19
PlatONLAT,https://coinmarketcap.com/currencies/platon/,$0.05
QredoQRDO,https://coinmarketcap.com/currencies/qredo/,$1.86
EnzymeMLN,https://coinmarketcap.com/currencies/enzyme/,$52.52
UtrustUTK,https://coinmarketcap.com/currencies/utrust/,$0.23
Hoo TokenHOO,https://coinmarketcap.com/currencies/hoo-token/,$1.33
EveripediaIQ,https://coinmarketcap.com/currencies/everipedia/,$0.01
AdsharesADS,https://coinmarketcap.com/currencies/adshares/,$4.30
OpenDAOSOS,https://coinmarketcap.com/currencies/opendao/,$0.00
Badger DAOBADGER,https://coinmarketcap.com/currencies/badger-dao/,$8.39
JasmyCoinJASMY,https://coinmarketcap.com/currencies/jasmy/,$0.02
TrueFiTRU,https://coinmarketcap.com/currencies/truefi-token/,$0.19
KardiaChainKAI,https://coinmarketcap.com/currencies/kardiachain/,$0.03
ProtonXPR,https://coinmarketcap.com/currencies/proton/,$0.01
VeritaseumVERI,https://coinmarketcap.com/currencies/veritaseum/,$47.97
Venus USDCvUSDC,https://coinmarketcap.com/currencies/venus-usdc/,$0.02
TomoChainTOMO,https://coinmarketcap.com/currencies/tomochain/,$1.13
BalancerBAL,https://coinmarketcap.com/currencies/balancer/,$14.74
GensoKishi MetaverseMV,https://coinmarketcap.com/currencies/gensokishis-metaverse/,$1.30
Freeway TokenFWT,https://coinmarketcap.com/currencies/freeway-token/,$0.02
ABBC CoinABBC,https://coinmarketcap.com/currencies/abbc-coin/,$0.10
StarlinkSTARL,https://coinmarketcap.com/currencies/star-link/,$0.00
Shapeshift FOX TokenFOX,https://coinmarketcap.com/currencies/fox-token/,$0.33
YooShiYOOSHI,https://coinmarketcap.com/currencies/yooshi/,$0.00
SperaxSPA,https://coinmarketcap.com/currencies/sperax/,$0.13
Orion ProtocolORN,https://coinmarketcap.com/currencies/orion-protocol/,$2.86
AmpleforthAMPL,https://coinmarketcap.com/currencies/ampleforth/,$1.16
MarlinPOND,https://coinmarketcap.com/currencies/marlin/,$0.02
Beefy FinanceBIFI,https://coinmarketcap.com/currencies/beefy-finance/,$1348.55
CentrifugeCFG,https://coinmarketcap.com/currencies/centrifuge/,$0.43
Mirror ProtocolMIR,https://coinmarketcap.com/currencies/mirror-protocol/,$1.23
CratosCRTS,https://coinmarketcap.com/currencies/cratos/,$0.00
HathorHTR,https://coinmarketcap.com/currencies/hathor/,$0.41
XCAD NetworkXCAD,https://coinmarketcap.com/currencies/xcad-network/,$3.87
DEAPcoinDEP,https://coinmarketcap.com/currencies/deapcoin/,$0.02
Victoria VRVR,https://coinmarketcap.com/currencies/victoria-vr/,$0.13
DeFi Pulse IndexDPI,https://coinmarketcap.com/currencies/defi-pulse-index/,$166.91
e-RadixEXRD,https://coinmarketcap.com/currencies/radix/,$0.13
AlitasALT,https://coinmarketcap.com/currencies/alitas/,$1.53
RSK Smart BitcoinRBTC,https://coinmarketcap.com/currencies/rsk-smart-bitcoin/,$38741.74
dKargoDKA,https://coinmarketcap.com/currencies/dkargo/,$0.09
Wilder WorldWILD,https://coinmarketcap.com/currencies/wilder-world/,$1.07
UnibrightUBT,https://coinmarketcap.com/currencies/unibright/,$0.61
IDEXIDEX,https://coinmarketcap.com/currencies/idex/,$0.14
AIOZ NetworkAIOZ,https://coinmarketcap.com/currencies/aioz-network/,$0.17
ElectroneumETN,https://coinmarketcap.com/currencies/electroneum/,$0.01
MimbleWimbleCoinMWC,https://coinmarketcap.com/currencies/mimblewimblecoin/,$8.22
HUNTHUNT,https://coinmarketcap.com/currencies/hunt/,$0.80
STAKESTAKE,https://coinmarketcap.com/currencies/xdai/,$10.40
Origin DollarOUSD,https://coinmarketcap.com/currencies/origin-dollar/,$1.00
AlchemixALCX,https://coinmarketcap.com/currencies/alchemix/,$69.02
Decentral GamesDG,https://coinmarketcap.com/currencies/decentral-games/,$0.17
Aergo401AERGO,https://coinmarketcap.com/currencies/aergo/,$0.235
Neutrino Token402NSBT,https://coinmarketcap.com/currencies/neutrino-system-base-token/,$33.13
LCX403LCX,https://coinmarketcap.com/currencies/lcx/,$0.1126
Wanchain404WAN,https://coinmarketcap.com/currencies/wanchain/,$0.4413
TrustSwap405SWAP,https://coinmarketcap.com/currencies/trustswap/,$0.872
Nestree406EGG,https://coinmarketcap.com/currencies/nestree/,$0.03415
Voxies407VOXEL,https://coinmarketcap.com/currencies/voxies/,$1.31
Deeper Network408DPR,https://coinmarketcap.com/currencies/deeper-network/,$0.06719
ThunderCore409TT,https://coinmarketcap.com/currencies/thundercore/,$0.009676
Ampleforth Governance Token410FORTH,https://coinmarketcap.com/currencies/ampleforth-governance-token/,$5.44
SpookySwapBOO,https://coinmarketcap.com/currencies/spookyswap/,$8.77
Seedify.fundSFUND,https://coinmarketcap.com/currencies/seedify-fund/,$3.36
Merit CircleMC,https://coinmarketcap.com/currencies/merit-circle/,$1.92
Linear FinanceLINA,https://coinmarketcap.com/currencies/linear/,$0.02
Alien WorldsTLM,https://coinmarketcap.com/currencies/alien-worlds/,$0.09
CertiKCTK,https://coinmarketcap.com/currencies/certik/,$1.12
Loom NetworkLOOM,https://coinmarketcap.com/currencies/loom-network/,$0.08
VerasityVRA,https://coinmarketcap.com/currencies/verasity/,$0.02
SafePalSFP,https://coinmarketcap.com/currencies/safepal/,$0.75
Hifi FinanceMFT,https://coinmarketcap.com/currencies/mainframe/,$0.01
CLVCLV,https://coinmarketcap.com/currencies/clover/,$0.31
ZB TokenZB,https://coinmarketcap.com/currencies/zb-token/,$0.17
AuroryAURY,https://coinmarketcap.com/currencies/aurory/,$8.31
Ankr Reward Bearing Staked ETHaETHc,https://coinmarketcap.com/currencies/ankreth/,$2715.55
Alpaca FinanceALPACA,https://coinmarketcap.com/currencies/alpaca-finance/,$0.55
Wirex TokenWXT,https://coinmarketcap.com/currencies/wirex-token/,$0.01
PlatonCoinPLTC,https://coinmarketcap.com/currencies/platoncoin/,$0.72
ARPA ChainARPA,https://coinmarketcap.com/currencies/arpa-chain/,$0.06
SplintershardsSPS,https://coinmarketcap.com/currencies/splintershards/,$0.12
GitcoinGTC,https://coinmarketcap.com/currencies/gitcoin/,$5.49
Haven ProtocolXHV,https://coinmarketcap.com/currencies/haven-protocol/,$3.22
PhantasmaSOUL,https://coinmarketcap.com/currencies/phantasma/,$0.73
Smooth Love PotionSLP,https://coinmarketcap.com/currencies/smooth-love-potion/,$0.01
KeeperDAOROOK,https://coinmarketcap.com/currencies/keeperdao/,$124.76
Vectorspace AIVXV,https://coinmarketcap.com/currencies/vectorspace-ai/,$1.86
Celo DollarCUSD,https://coinmarketcap.com/currencies/celo-dollar/,$0.99
Phala NetworkPHA,https://coinmarketcap.com/currencies/phala-network/,$0.27
Toko TokenTKO,https://coinmarketcap.com/currencies/tokocrypto/,$0.67
CarryCRE,https://coinmarketcap.com/currencies/carry/,$0.01
Adventure GoldAGLD,https://coinmarketcap.com/currencies/adventure-gold/,$1.03
Keep3rV1KP3R,https://coinmarketcap.com/currencies/keep3rv1/,$360.66
cVault.financeCORE,https://coinmarketcap.com/currencies/cvault-finance/,$7179.08
Uquid CoinUQC,https://coinmarketcap.com/currencies/uquid-coin/,$7.18
Thetan ArenaTHG,https://coinmarketcap.com/currencies/thetan-arena/,$0.63
CovalentCQT,https://coinmarketcap.com/currencies/covalent/,$0.28
Terra Virtua KolectTVK,https://coinmarketcap.com/currencies/terra-virtua-kolect/,$0.10
Alethea Artificial Liquid Intelligence TokenALI,https://coinmarketcap.com/currencies/alethea-artificial-liquid-intelligence-token/,$0.06
SovrynSOV,https://coinmarketcap.com/currencies/sovryn/,$3.28
SyntropyNOIA,https://coinmarketcap.com/currencies/syntropy/,$0.12
PECULIUM (old)PCL,https://coinmarketcap.com/currencies/peculium/,$0.03
PEAKDEFIPEAK,https://coinmarketcap.com/currencies/peakdefi/,$0.05
ChimpionBNANA,https://coinmarketcap.com/currencies/chimpion/,$2.15
Wrapped NCG (Nine Chronicles Gold)WNCG,https://coinmarketcap.com/currencies/wrapped-ncg/,$0.57
Alpha Quark TokenAQT,https://coinmarketcap.com/currencies/alpha-quark-token/,$2.58
DFI.MoneyYFII,https://coinmarketcap.com/currencies/yearn-finance-ii/,$1726.70
TROYTROY,https://coinmarketcap.com/currencies/troy/,$0.01
Moss CoinMOC,https://coinmarketcap.com/currencies/moss-coin/,$0.18
HydraHYDRA,https://coinmarketcap.com/currencies/hydra/,$7.67
ONUSONUS,https://coinmarketcap.com/currencies/onus/,$0.67
HIHI,https://coinmarketcap.com/currencies/hi-dollar/,$0.13
EfforceWOZX,https://coinmarketcap.com/currencies/efforce/,$0.12
Efinity TokenEFI,https://coinmarketcap.com/currencies/efinity/,$0.38
Alpine F1 Team Fan TokenALPINE,https://coinmarketcap.com/currencies/alpine-f1-team-fan-token/,$5.70
IRISnetIRIS,https://coinmarketcap.com/currencies/irisnet/,$0.05
HandshakeHNS,https://coinmarketcap.com/currencies/handshake/,$0.13
KomodoKMD,https://coinmarketcap.com/currencies/komodo/,$0.49
CONUNCON,https://coinmarketcap.com/currencies/conun/,$0.02
BitSharesBTS,https://coinmarketcap.com/currencies/bitshares/,$0.02
Bitcoin DiamondBCD,https://coinmarketcap.com/currencies/bitcoin-diamond/,$0.34
VeloVELO,https://coinmarketcap.com/currencies/velo/,$0.05
GMT TokenGMT,https://coinmarketcap.com/currencies/gomining-token/,$0.24
Cobak TokenCBK,https://coinmarketcap.com/currencies/cobak-token/,$2.10
League of Kingdoms ArenaLOKA,https://coinmarketcap.com/currencies/league-of-kingdoms/,$2.49
MiL.kMLK,https://coinmarketcap.com/currencies/milk-alliance/,$0.80
Travala.comAVA,https://coinmarketcap.com/currencies/travala/,$1.22
QcashQC,https://coinmarketcap.com/currencies/qcash/,$0.13
BioPassport TokenBIOT,https://coinmarketcap.com/currencies/biopassport-token/,$0.04
Harvest FinanceFARM,https://coinmarketcap.com/currencies/harvest-finance/,$91.43
XMONXMON,https://coinmarketcap.com/currencies/xmon/,$41253.99
Kava LendHARD,https://coinmarketcap.com/currencies/hard-protocol/,$0.52
ZEONZEON,https://coinmarketcap.com/currencies/zeon/,$0.00
PresearchPRE,https://coinmarketcap.com/currencies/presearch/,$0.15
district0xDNT,https://coinmarketcap.com/currencies/district0x/,$0.10
EverRiseRISE,https://coinmarketcap.com/currencies/everrise/,$0.00
Boson ProtocolBOSON,https://coinmarketcap.com/currencies/boson-protocol/,$0.78
bZx ProtocolBZRX,https://coinmarketcap.com/currencies/bzx-protocol/,$0.14
Morpheus.NetworkMNW,https://coinmarketcap.com/currencies/morpheus-network/,$1.27
LTO NetworkLTO,https://coinmarketcap.com/currencies/lto-network/,$0.19
Sentinel ProtocolUPP,https://coinmarketcap.com/currencies/sentinel-protocol/,$0.13
RefereumRFR,https://coinmarketcap.com/currencies/refereum/,$0.01
EthernityERN,https://coinmarketcap.com/currencies/ethernity-chain/,$4.34
SwarmBZZ,https://coinmarketcap.com/currencies/ethereum-swarm/,$1.18
Kava SwapSWP,https://coinmarketcap.com/currencies/kava-swap/,$1.73
Automata NetworkATA,https://coinmarketcap.com/currencies/automata-network/,$0.34
ContentosCOS,https://coinmarketcap.com/currencies/contentos/,$0.01
Venus BUSDvBUSD,https://coinmarketcap.com/currencies/venus-busd/,$0.02
DADDAD,https://coinmarketcap.com/currencies/dad/,$0.13
SuperRareRARE,https://coinmarketcap.com/currencies/superrare/,$0.57
Circuits of ValueCOVAL,https://coinmarketcap.com/currencies/circuits-of-value/,$0.03
RIZONATOLO,https://coinmarketcap.com/currencies/rizon-blockchain/,$0.03
Vega Protocol501VEGA,https://coinmarketcap.com/currencies/vegaprotocol/,$3.60
Molecular Future502MOF,https://coinmarketcap.com/currencies/molecular-future/,$0.00113
DerivaDAO503DDX,https://coinmarketcap.com/currencies/derivadao/,$2.16
MonaCoin504MONA,https://coinmarketcap.com/currencies/monacoin/,$0.8572
RFOX505RFOX,https://coinmarketcap.com/currencies/redfox-labs/,$0.04272
Flamingo506FLM,https://coinmarketcap.com/currencies/flamingo/,$0.1785
BabySwap507BABY,https://coinmarketcap.com/currencies/babyswap/,$0.2788
VerusCoin508VRSC,https://coinmarketcap.com/currencies/veruscoin/,$0.8161
Samoyedcoin509SAMO,https://coinmarketcap.com/currencies/samoyedcoin/,$0.0167
NEST Protocol510NEST,https://coinmarketcap.com/currencies/nest-protocol/,$0.02752
Somnium Space CubesCUBE,https://coinmarketcap.com/currencies/somnium-space-cubes/,$4.41
Darma CashDMCH,https://coinmarketcap.com/currencies/darma-cash/,$0.25
ElastosELA,https://coinmarketcap.com/currencies/elastos/,$2.69
ElitiumEUM,https://coinmarketcap.com/currencies/elitium/,$1.95
GlitzKoinGTN,https://coinmarketcap.com/currencies/glitzkoin/,$0.22
CUDOSCUDOS,https://coinmarketcap.com/currencies/cudos/,$0.02
PeonyPNY,https://coinmarketcap.com/currencies/peony/,$0.26
VaiVAI,https://coinmarketcap.com/currencies/vai/,$0.94
QuickSwapQUICK,https://coinmarketcap.com/currencies/quickswap/,$164.74
GuildFiGF,https://coinmarketcap.com/currencies/guildfi/,$1.27
DIADIA,https://coinmarketcap.com/currencies/dia/,$0.81
RichQUACK.comQUACK,https://coinmarketcap.com/currencies/richquack-com/,$0.00
Aleph.imALEPH,https://coinmarketcap.com/currencies/aleph-im/,$0.26
KinKIN,https://coinmarketcap.com/currencies/kin/,$0.00
Ribbon FinanceRBN,https://coinmarketcap.com/currencies/ribbon-finance/,$0.93
Rai Reflex IndexRAI,https://coinmarketcap.com/currencies/rai/,$3.02
StreamrDATA,https://coinmarketcap.com/currencies/streamr/,$0.07
BitMart TokenBMX,https://coinmarketcap.com/currencies/bitmart-token/,$0.30
ZelwinZLW,https://coinmarketcap.com/currencies/zelwin/,$0.70
Marinade Staked SOLMSOL,https://coinmarketcap.com/currencies/marinade/,$102.14
ZEONZEON,https://coinmarketcap.com/currencies/zeon/,$0.00
Tornado CashTORN,https://coinmarketcap.com/currencies/torn/,$46.01
Ambire AdExADX,https://coinmarketcap.com/currencies/adx-net/,$0.35
XDEFI WalletXDEFI,https://coinmarketcap.com/currencies/xdefi-wallet/,$0.91
MANTRA DAOOM,https://coinmarketcap.com/currencies/mantra-dao/,$0.11
HighstreetHIGH,https://coinmarketcap.com/currencies/highstreet/,$4.11
TranchessCHESS,https://coinmarketcap.com/currencies/tranchess/,$0.68
GenopetsGENE,https://coinmarketcap.com/currencies/genopets/,$13.54
TokenPocketTPT,https://coinmarketcap.com/currencies/tokenpocket/,$0.01
Cocos-BCXCOCOS,https://coinmarketcap.com/currencies/cocos-bcx/,$1.18
RaribleRARI,https://coinmarketcap.com/currencies/rarible/,$6.92
GroestlcoinGRS,https://coinmarketcap.com/currencies/groestlcoin/,$0.61
Super Zero ProtocolSERO,https://coinmarketcap.com/currencies/super-zero-protocol/,$0.14
DeRaceDERC,https://coinmarketcap.com/currencies/derace/,$1.00
KILT ProtocolKILT,https://coinmarketcap.com/currencies/kiltprotocol/,$0.99
Assemble ProtocolASM,https://coinmarketcap.com/currencies/assemble-protocol/,$0.04
SingularityDAOSDAO,https://coinmarketcap.com/currencies/singularitydao/,$1.25
FIO ProtocolFIO,https://coinmarketcap.com/currencies/fio-protocol/,$0.10
PolySwarmNCT,https://coinmarketcap.com/currencies/polyswarm/,$0.03
MaroMARO,https://coinmarketcap.com/currencies/maro/,$0.07
Wrapped NXMWNXM,https://coinmarketcap.com/currencies/wrapped-nxm/,$28.14
CortexCTXC,https://coinmarketcap.com/currencies/cortex/,$0.24
GasGAS,https://coinmarketcap.com/currencies/gas/,$4.58
QuantstampQSP,https://coinmarketcap.com/currencies/quantstamp/,$0.06
BarnBridgeBOND,https://coinmarketcap.com/currencies/barnbridge/,$7.03
Grid+GRID,https://coinmarketcap.com/currencies/grid/,$1.16
BluzelleBLZ,https://coinmarketcap.com/currencies/bluzelle/,$0.14
Steem DollarsSBD,https://coinmarketcap.com/currencies/steem-dollars/,$4.08
CrabadaCRA,https://coinmarketcap.com/currencies/crabada/,$0.45
BoringDAOBOR,https://coinmarketcap.com/currencies/boringdao/,$312.71
Shiden NetworkSDN,https://coinmarketcap.com/currencies/shiden-network/,$0.85
Star AtlasATLAS,https://coinmarketcap.com/currencies/star-atlas/,$0.02
OneLedgerOLT,https://coinmarketcap.com/currencies/oneledger/,$0.09
NFTXNFTX,https://coinmarketcap.com/currencies/nftx/,$108.19
AMO CoinAMO,https://coinmarketcap.com/currencies/amo-coin/,$0.00
"FirmaChainFCT,FCT2",https://coinmarketcap.com/currencies/firmachain/,$0.13
CoinEx TokenCET,https://coinmarketcap.com/currencies/coinex-token/,$0.06
Venus XVSvXVS,https://coinmarketcap.com/currencies/venus-xvs/,$0.19
LitentryLIT,https://coinmarketcap.com/currencies/litentry/,$1.25
AllianceBlockALBT,https://coinmarketcap.com/currencies/allianceblock/,$0.19
SIXSIX,https://coinmarketcap.com/currencies/six/,$0.16
Manchester City Fan TokenCITY,https://coinmarketcap.com/currencies/manchester-city-fan-token/,$12.31
FLETAFLETA,https://coinmarketcap.com/currencies/fleta/,$0.02
WHALEWHALE,https://coinmarketcap.com/currencies/whale/,$5.34
RChainREV,https://coinmarketcap.com/currencies/rchain/,$0.07
TellorTRB,https://coinmarketcap.com/currencies/tellor/,$18.26
HyperDAOHDAO,https://coinmarketcap.com/currencies/hyperdao/,$0.01
MixMarvelMIX,https://coinmarketcap.com/currencies/mixmarvel/,$0.01
FiroFIRO,https://coinmarketcap.com/currencies/firo/,$3.21
Tokenlon Network TokenLON,https://coinmarketcap.com/currencies/tokenlon-network-token/,$0.95
XeniosCoinXNC,https://coinmarketcap.com/currencies/xenioscoin/,$0.55
KlerosPNK,https://coinmarketcap.com/currencies/kleros/,$0.07
AXELAXEL,https://coinmarketcap.com/currencies/axel/,$0.15
FrontierFRONT,https://coinmarketcap.com/currencies/frontier/,$0.48
AionAION,https://coinmarketcap.com/currencies/aion/,$0.08
DeFineDFA,https://coinmarketcap.com/currencies/define/,$0.74
NULSNULS,https://coinmarketcap.com/currencies/nuls/,$0.42
RAMPRAMP,https://coinmarketcap.com/currencies/ramp/,$0.09
mStable USDMUSD,https://coinmarketcap.com/currencies/mstable-usd/,$1.00
DODODODO,https://coinmarketcap.com/currencies/dodo/,$0.37
Ooki ProtocolOOKI,https://coinmarketcap.com/currencies/ooki-protocol/,$0.01
ApolloXAPX,https://coinmarketcap.com/currencies/apollox/,$0.08
X World GamesXWG,https://coinmarketcap.com/currencies/x-world-games/,$0.03
PARSIQPRQ,https://coinmarketcap.com/currencies/parsiq/,$0.26
AkropolisAKRO,https://coinmarketcap.com/currencies/akropolis/,$0.01
MAP ProtocolMAP,https://coinmarketcap.com/currencies/map-protocol/,$0.02
ONBUFFONIT,https://coinmarketcap.com/currencies/onbuff/,$0.14
NewYork ExchangeNYE,https://coinmarketcap.com/currencies/newyork-exchange/,$5.47
SelfKeyKEY,https://coinmarketcap.com/currencies/selfkey/,$0.01
Chrono.techTIME,https://coinmarketcap.com/currencies/chrono-tech/,$54.46
Position Exchange601POSI,https://coinmarketcap.com/currencies/position-exchange/,$0.7624
Bella Protocol602BEL,https://coinmarketcap.com/currencies/bella-protocol/,$0.8035
CoinLoan603CLT,https://coinmarketcap.com/currencies/coinloan/,$19.75
Newscrypto604NWC,https://coinmarketcap.com/currencies/newscrypto/,$0.2545
Zenon605ZNN,https://coinmarketcap.com/currencies/zenon/,$6.04
AnimalGo606GOM2,https://coinmarketcap.com/currencies/animalgo/,$0.03881
Energi607NRG,https://coinmarketcap.com/currencies/energi/,$0.7085
StaFi608FIS,https://coinmarketcap.com/currencies/stafi/,$0.608
DXdao609DXD,https://coinmarketcap.com/currencies/dxdao/,$741.76
Civilization610CIV,https://coinmarketcap.com/currencies/civilization/,$0.1219
Measurable Data TokenMDT,https://coinmarketcap.com/currencies/measurable-data-token/,$0.05
MetronomeMET,https://coinmarketcap.com/currencies/metronome/,$2.61
KaruraKAR,https://coinmarketcap.com/currencies/karura/,$1.27
AeternityAE,https://coinmarketcap.com/currencies/aeternity/,$0.10
Bloomzed Loyalty Club TicketBLCT,https://coinmarketcap.com/currencies/bloomzed-token/,$0.95
MEVerseMEV,https://coinmarketcap.com/currencies/meverse/,$0.02
Impossible Finance LaunchpadIDIA,https://coinmarketcap.com/currencies/impossible-decentralized-incubator-access/,$0.79
StarTerraSTT,https://coinmarketcap.com/currencies/starterra/,$1.23
ICHIICHI,https://coinmarketcap.com/currencies/ichi/,$7.65
AhaTokenAHT,https://coinmarketcap.com/currencies/ahatoken/,$0.01
BytomBTM,https://coinmarketcap.com/currencies/bytom/,$0.02
Paris Saint-Germain Fan TokenPSG,https://coinmarketcap.com/currencies/paris-saint-germain-fan-token/,$11.24
Revolution PopuliRVP,https://coinmarketcap.com/currencies/revolution-populi/,$0.03
LATOKENLA,https://coinmarketcap.com/currencies/latoken/,$0.09
Drep [new]DREP,https://coinmarketcap.com/currencies/drep-new/,$0.86
BeamBEAM,https://coinmarketcap.com/currencies/beam/,$0.30
Gemma Extending TechGXT,https://coinmarketcap.com/currencies/gemma-extending-tech/,$0.41
YIELD AppYLD,https://coinmarketcap.com/currencies/yield-app/,$0.22
ZIMBOCASHZASH,https://coinmarketcap.com/currencies/zimbocash/,$0.02
yOUcashYOUC,https://coinmarketcap.com/currencies/youcash/,$0.00
Cere NetworkCERE,https://coinmarketcap.com/currencies/cere-network/,$0.02
DotmoovsMOOV,https://coinmarketcap.com/currencies/dotmoovs/,$0.07
MithrilMITH,https://coinmarketcap.com/currencies/mithril/,$0.03
BSCPADBSCPAD,https://coinmarketcap.com/currencies/bscpad/,$0.42
MAPSMAPS,https://coinmarketcap.com/currencies/maps/,$0.77
InsurAceINSUR,https://coinmarketcap.com/currencies/insurace/,$0.74
GameFiGAFI,https://coinmarketcap.com/currencies/gamefi/,$32.61
BTSEBTSE,https://coinmarketcap.com/currencies/btse/,$7.51
WaltonchainWTC,https://coinmarketcap.com/currencies/waltonchain/,$0.41
ValobitVBIT,https://coinmarketcap.com/currencies/valobit/,$0.03
SOLVESOLVE,https://coinmarketcap.com/currencies/solve/,$0.07
ApeSwapBANANA,https://coinmarketcap.com/currencies/apeswap-finance/,$0.31
NamecoinNMC,https://coinmarketcap.com/currencies/namecoin/,$2.19
Venus USDTvUSDT,https://coinmarketcap.com/currencies/venus-usdt/,$0.02
SaitoSAITO,https://coinmarketcap.com/currencies/saito/,$0.03
Bitrue CoinBTR,https://coinmarketcap.com/currencies/bitrue-coin/,$0.24
New BitSharesNBS,https://coinmarketcap.com/currencies/new-bitshares/,$0.01
OxenOXEN,https://coinmarketcap.com/currencies/oxen/,$0.55
UniftyNIF,https://coinmarketcap.com/currencies/unifty/,$18.12
Lattice TokenLTX,https://coinmarketcap.com/currencies/lattice-token/,$1.09
Star Atlas DAOPOLIS,https://coinmarketcap.com/currencies/star-atlas-polis/,$1.43
Numbers ProtocolNUM,https://coinmarketcap.com/currencies/numbers-protocol/,$0.30
FC Porto Fan TokenPORTO,https://coinmarketcap.com/currencies/fc-porto/,$3.94
KryllKRL,https://coinmarketcap.com/currencies/kryll/,$0.80
S.S. Lazio Fan TokenLAZIO,https://coinmarketcap.com/currencies/lazio-fan-token/,$3.56
HOPRHOPR,https://coinmarketcap.com/currencies/hopr/,$0.18
MATHMATH,https://coinmarketcap.com/currencies/math/,$0.26
FusionFSN,https://coinmarketcap.com/currencies/fusion/,$0.42
CrypteriumCRPT,https://coinmarketcap.com/currencies/crpt/,$0.37
UltiledgerULT,https://coinmarketcap.com/currencies/ultiledger/,$0.01
GiftoGTO,https://coinmarketcap.com/currencies/gifto/,$0.04
RAI FinanceSOFI,https://coinmarketcap.com/currencies/rai-finance-sofi/,$0.15
BASICBASIC,https://coinmarketcap.com/currencies/basic/,$0.00
SHPINGSHPING,https://coinmarketcap.com/currencies/shping/,$0.02
BTU ProtocolBTU,https://coinmarketcap.com/currencies/btu-protocol/,$0.33
CargoXCXO,https://coinmarketcap.com/currencies/cargox/,$0.14
AuroxURUS,https://coinmarketcap.com/currencies/urus/,$56.36
DxChain TokenDX,https://coinmarketcap.com/currencies/dxchain-token/,$0.00
TerraKRWKRT,https://coinmarketcap.com/currencies/terra-krw/,$0.00
DeXeDEXE,https://coinmarketcap.com/currencies/dexe/,$6.16
BOSAGORABOA,https://coinmarketcap.com/currencies/bosagora/,$0.10
ReserveRSV,https://coinmarketcap.com/currencies/reserve/,$1.00
Bounce Finance Governance TokenAUCTION,https://coinmarketcap.com/currencies/bounce-token/,$13.78
dForceDF,https://coinmarketcap.com/currencies/dforce/,$0.07
USDKUSDK,https://coinmarketcap.com/currencies/usdk/,$1.00
Hermez NetworkHEZ,https://coinmarketcap.com/currencies/hermez-network/,$5.95
MileVerseMVC,https://coinmarketcap.com/currencies/mileverse/,$0.01
RainicornRAINI,https://coinmarketcap.com/currencies/rainicorn/,$0.06
v.systemsVSYS,https://coinmarketcap.com/currencies/v-systems/,$0.01
SentinelDVPN,https://coinmarketcap.com/currencies/sentinel/,$0.00
RubicRBC,https://coinmarketcap.com/currencies/rubic/,$0.25
Burger SwapBURGER,https://coinmarketcap.com/currencies/burger-swap/,$1.30
DockDOCK,https://coinmarketcap.com/currencies/dock/,$0.03
e-MoneyNGM,https://coinmarketcap.com/currencies/e-money-coin/,$1.34
Invictus Hyperion FundIHF,https://coinmarketcap.com/currencies/invictus-hyperion-fund/,$0.23
WaykiChainWICC,https://coinmarketcap.com/currencies/waykichain/,$0.13
Mirrored iShares Gold TrustmIAU,https://coinmarketcap.com/currencies/mirrored-ishares-gold-trust/,$23.40
MetacraftMCT,https://coinmarketcap.com/currencies/metacraft/,$0.50
DEXToolsDEXT,https://coinmarketcap.com/currencies/dextools/,$0.27
NimiqNIM,https://coinmarketcap.com/currencies/nimiq/,$0.00
PowerPoolCVP,https://coinmarketcap.com/currencies/powerpool/,$0.71
QASHQASH,https://coinmarketcap.com/currencies/qash/,$0.07
pNetworkPNT,https://coinmarketcap.com/currencies/pnetwork/,$0.51
GoChainGO,https://coinmarketcap.com/currencies/gochain/,$0.02
TABOO TOKENTABOO,https://coinmarketcap.com/currencies/taboo-token/,$0.00
Cream FinanceCREAM,https://coinmarketcap.com/currencies/cream-finance/,$40.99
QuiztokQTCON,https://coinmarketcap.com/currencies/quiztok/,$0.01
PolkadexPDEX,https://coinmarketcap.com/currencies/polkadex/,$4.20
Zebec ProtocolZBC,https://coinmarketcap.com/currencies/zebec-protocol/,$0.04
EverestID,https://coinmarketcap.com/currencies/everest/,$0.21
Dego Finance701DEGO,https://coinmarketcap.com/currencies/dego-finance/,$2.90
Everest702ID,https://coinmarketcap.com/currencies/everest/,$0.2137
Edgeware703EDG,https://coinmarketcap.com/currencies/edgeware/,$0.00405
SUKU704SUKU,https://coinmarketcap.com/currencies/suku/,$0.2087
ForTube705FOR,https://coinmarketcap.com/currencies/the-force-protocol/,$0.03876
Bytecoin706BCN,https://coinmarketcap.com/currencies/bytecoin-bcn/,$0.000133
PearDAO707PEX,https://coinmarketcap.com/currencies/peardao/,$0.4663
Student Coin708STC,https://coinmarketcap.com/currencies/student-coin/,$0.004565
GET Protocol709GET,https://coinmarketcap.com/currencies/get-protocol/,$2.11
The Midas Touch Gold710TMTG,https://coinmarketcap.com/currencies/the-midas-touch-gold/,$0.002697
POA NetworkPOA,https://coinmarketcap.com/currencies/poa/,$0.08
CounterpartyXCP,https://coinmarketcap.com/currencies/counterparty/,$9.08
Gods UnchainedGODS,https://coinmarketcap.com/currencies/gods-unchained/,$1.00
DovuDOV,https://coinmarketcap.com/currencies/dovu/,$0.03
BEPRO NetworkBEPRO,https://coinmarketcap.com/currencies/bepro-network/,$0.00
Electric Vehicle ZoneEVZ,https://coinmarketcap.com/currencies/electric-vehicle-zone/,$0.05
VITEVITE,https://coinmarketcap.com/currencies/vite/,$0.05
LosslessLSS,https://coinmarketcap.com/currencies/lossless/,$0.51
Hacken TokenHAI,https://coinmarketcap.com/currencies/hackenai/,$0.05
Apollo CurrencyAPL,https://coinmarketcap.com/currencies/apollo-currency/,$0.00
LGCY NetworkLGCY,https://coinmarketcap.com/currencies/lgcy-network/,$0.00
Inverse FinanceINV,https://coinmarketcap.com/currencies/inverse-finance/,$246.40
Hot CrossHOTCROSS,https://coinmarketcap.com/currencies/hot-cross/,$0.20
CarbonSWTH,https://coinmarketcap.com/currencies/switcheo/,$0.01
Adappter TokenADP,https://coinmarketcap.com/currencies/adappter-token/,$0.03
ScPrimeSCP,https://coinmarketcap.com/currencies/scprime/,$0.53
Shyft NetworkSHFT,https://coinmarketcap.com/currencies/shyft-network/,$0.10
Aragon CourtANJ,https://coinmarketcap.com/currencies/aragon-court/,$0.17
FC Barcelona Fan TokenBAR,https://coinmarketcap.com/currencies/fc-barcelona-fan-token/,$5.48
GYENGYEN,https://coinmarketcap.com/currencies/gyen/,$0.01
REVVREVV,https://coinmarketcap.com/currencies/revv/,$0.08
GamerCoinGHX,https://coinmarketcap.com/currencies/gamercoin/,$0.05
CONTRACOINCTCN,https://coinmarketcap.com/currencies/contracoin/,$0.45
Epic CashEPIC,https://coinmarketcap.com/currencies/epic-cash/,$1.49
Router ProtocolROUTE,https://coinmarketcap.com/currencies/router-protocol/,$2.94
Permission CoinASK,https://coinmarketcap.com/currencies/permission-coin/,$0.00
Xeno TokenXNO,https://coinmarketcap.com/currencies/xeno-token/,$0.06
Quantum Resistant LedgerQRL,https://coinmarketcap.com/currencies/quantum-resistant-ledger/,$0.27
TernoaCAPS,https://coinmarketcap.com/currencies/ternoa/,$0.04
StackOsSTACK,https://coinmarketcap.com/currencies/stackos/,$0.06
GlitchGLCH,https://coinmarketcap.com/currencies/glitch/,$0.26
ELYSIAEL,https://coinmarketcap.com/currencies/elysia/,$0.01
Inter Milan Fan TokenINTER,https://coinmarketcap.com/currencies/inter-milan-fan-token/,$6.70
AirSwapAST,https://coinmarketcap.com/currencies/airswap/,$0.13
StratosSTOS,https://coinmarketcap.com/currencies/stratos/,$0.99
Wing FinanceWING,https://coinmarketcap.com/currencies/wing/,$8.05
BitForex TokenBF,https://coinmarketcap.com/currencies/bitforex-token/,$0.00
VIDT DatalinkVIDT,https://coinmarketcap.com/currencies/vidt-datalink/,$0.40
RetreebTREEB,https://coinmarketcap.com/currencies/retreeb/,$0.13
Dora FactoryDORA,https://coinmarketcap.com/currencies/dora-factory/,$4.84
HiblocksHIBS,https://coinmarketcap.com/currencies/hiblocks/,$0.00
TEMCOTEMCO,https://coinmarketcap.com/currencies/temco/,$0.00
Callisto NetworkCLO,https://coinmarketcap.com/currencies/callisto-network/,$0.01
BUX TokenBUX,https://coinmarketcap.com/currencies/bux-token/,$0.34
VertcoinVTC,https://coinmarketcap.com/currencies/vertcoin/,$0.31
Soda CoinSOC,https://coinmarketcap.com/currencies/soda-coin/,$0.01
AutoAUTO,https://coinmarketcap.com/currencies/auto/,$369.95
Hoge FinanceHOGE,https://coinmarketcap.com/currencies/hoge-finance/,$0.00
Santos FC Fan TokenSANTOS,https://coinmarketcap.com/currencies/santos-fc-fan-token/,$4.29
0ChainZCN,https://coinmarketcap.com/currencies/0chain/,$0.40
King DAGKDAG,https://coinmarketcap.com/currencies/king-dag/,$0.36
ZKSpaceZKS,https://coinmarketcap.com/currencies/zkswap/,$0.10
Woonkly PowerWOOP,https://coinmarketcap.com/currencies/woonkly-power/,$0.12
Unifi Protocol DAOUNFI,https://coinmarketcap.com/currencies/unifi-protocol-dao/,$4.51
LunarLNR,https://coinmarketcap.com/currencies/lunar/,$0.00
PERL.ecoPERL,https://coinmarketcap.com/currencies/perlin/,$0.04
SolaniumSLIM,https://coinmarketcap.com/currencies/solanium/,$0.29
PKTPKT,https://coinmarketcap.com/currencies/pkt/,$0.01
ObserverOBSR,https://coinmarketcap.com/currencies/observer/,$0.00
ChainXPCX,https://coinmarketcap.com/currencies/chainx/,$1.51
Santiment Network TokenSAN,https://coinmarketcap.com/currencies/santiment/,$0.30
SORAXOR,https://coinmarketcap.com/currencies/sora/,$42.52
PAC ProtocolPAC,https://coinmarketcap.com/currencies/pac-protocol/,$0.00
SentivateSNTVT,https://coinmarketcap.com/currencies/sentivate/,$0.01
NFTY NetworkNFTY,https://coinmarketcap.com/currencies/nfty-network/,$0.07
EPIK PrimeEPIK,https://coinmarketcap.com/currencies/epik-prime/,$0.05
ArivaARV,https://coinmarketcap.com/currencies/ariva/,$0.00
Green Satoshi TokenGST,https://coinmarketcap.com/currencies/green-satoshi-token/,$5.14
BananoBAN,https://coinmarketcap.com/currencies/banano/,$0.01
ChainGuardiansCGG,https://coinmarketcap.com/currencies/chain-guardians/,$0.30
ERC20ERC20,https://coinmarketcap.com/currencies/erc20/,$0.02
OpulousOPUL,https://coinmarketcap.com/currencies/opulous/,$0.41
ArianeeARIA20,https://coinmarketcap.com/currencies/arianee-protocol/,$0.66
PAID NetworkPAID,https://coinmarketcap.com/currencies/paid-network/,$0.22
GPEXGPX,https://coinmarketcap.com/currencies/gpex/,$2.31
Meter GovernanceMTRG,https://coinmarketcap.com/currencies/meter-governance/,$5.62
Orion MoneyORION,https://coinmarketcap.com/currencies/orion-money/,$0.22
ThroneTHN,https://coinmarketcap.com/currencies/throne/,$0.05
ReddCoinRDD,https://coinmarketcap.com/currencies/redd/,$0.00
LBRY CreditsLBC,https://coinmarketcap.com/currencies/library-credits/,$0.03
NexusNXS,https://coinmarketcap.com/currencies/nexus/,$0.24
UnisocksSOCKS,https://coinmarketcap.com/currencies/unisocks/,$58237.33
BitKanKAN,https://coinmarketcap.com/currencies/bitkan/,$0.00
GoldfinchGFI,https://coinmarketcap.com/currencies/goldfinch-protocol/,$2.51
TokenClubTCT,https://coinmarketcap.com/currencies/tokenclub/,$0.02
BABBBAX,https://coinmarketcap.com/currencies/babb/,$0.00
ReapChainREAP,https://coinmarketcap.com/currencies/reapchain/,$0.08
MetagamZMETAG,https://coinmarketcap.com/currencies/metagamz/,$0.00
Fuse NetworkFUSE,https://coinmarketcap.com/currencies/fuse-network/,$0.31
CyclubCYCLUB,https://coinmarketcap.com/currencies/cyclub/,$0.01
TriumphX801TRIX,https://coinmarketcap.com/currencies/triumphx/,$0.001685
vEmpire DDAO802VEMP,https://coinmarketcap.com/currencies/vempire-ddao/,$0.09622
Atari Token803ATRI,https://coinmarketcap.com/currencies/atari-token/,$0.01127
BullPerks804BLP,https://coinmarketcap.com/currencies/bullperks/,$0.08115
MEET.ONE805MEETONE,https://coinmarketcap.com/currencies/meetone/,$0.008604
Cryptex Finance806CTX,https://coinmarketcap.com/currencies/cryptex-finance/,$5.54
Venus Reward Token807VRT,https://coinmarketcap.com/currencies/venus-reward-token/,$0.0007373
MILC Platform808MLT,https://coinmarketcap.com/currencies/milc-platform/,$0.2047
Project WITH809WIKEN,https://coinmarketcap.com/currencies/project-with/,$0.01882
CoinPoker810CHP,https://coinmarketcap.com/currencies/coinpoker/,$0.05787
VIMworldVEED,https://coinmarketcap.com/currencies/vimworld/,$0.00
NashNEX,https://coinmarketcap.com/currencies/nash-exchange/,$0.54
BreadBRD,https://coinmarketcap.com/currencies/bread/,$0.18
BIDRBIDR,https://coinmarketcap.com/currencies/binance-idr/,$0.00
Ethereum Push Notification ServicePUSH,https://coinmarketcap.com/currencies/epns/,$1.00
PendlePENDLE,https://coinmarketcap.com/currencies/pendle/,$0.13
AC Milan Fan TokenACM,https://coinmarketcap.com/currencies/ac-milan-fan-token/,$4.88
AventusAVT,https://coinmarketcap.com/currencies/aventus/,$2.55
OffshiftXFT,https://coinmarketcap.com/currencies/offshift/,$2.91
PIVXPIVX,https://coinmarketcap.com/currencies/pivx/,$0.22
DogeBonkDOBO,https://coinmarketcap.com/currencies/dogebonk/,$0.00
Vivid LabsVID,https://coinmarketcap.com/currencies/videocoin/,$0.09
VesperVSP,https://coinmarketcap.com/currencies/vesper/,$1.72
ValidityVAL,https://coinmarketcap.com/currencies/validity/,$3.29
PolkaFoundryPKF,https://coinmarketcap.com/currencies/polkafoundry/,$0.38
HyperCashHC,https://coinmarketcap.com/currencies/hypercash/,$0.33
Rupiah TokenIDRT,https://coinmarketcap.com/currencies/rupiah-token/,$0.00
SpiritSwapSPIRIT,https://coinmarketcap.com/currencies/spiritswap/,$0.05
DeFi LandDFL,https://coinmarketcap.com/currencies/defi-land/,$0.02
USDJUSDJ,https://coinmarketcap.com/currencies/usdj/,$1.00
O3 SwapO3,https://coinmarketcap.com/currencies/o3-swap/,$0.31
DragonchainDRGN,https://coinmarketcap.com/currencies/dragonchain/,$0.04
Stronghold TokenSHX,https://coinmarketcap.com/currencies/stronghold-token/,$0.00
Era Token (Era7)ERA,https://coinmarketcap.com/currencies/era-token/,$0.32
PangolinPNG,https://coinmarketcap.com/currencies/pangolin/,$0.15
TE-FOODTONE,https://coinmarketcap.com/currencies/te-food/,$0.03
smARTOFGIVINGAOG,https://coinmarketcap.com/currencies/smartofgiving/,$0.19
ArcblockABT,https://coinmarketcap.com/currencies/arcblock/,$0.14
PallapayPALLA,https://coinmarketcap.com/currencies/pallapay/,$0.02
BirakeBIR,https://coinmarketcap.com/currencies/birake/,$0.14
GrinGRIN,https://coinmarketcap.com/currencies/grin/,$0.14
PeercoinPPC,https://coinmarketcap.com/currencies/peercoin/,$0.50
InfinitecoinIFC,https://coinmarketcap.com/currencies/infinitecoin/,$0.00
ObyteGBYTE,https://coinmarketcap.com/currencies/obyte/,$17.08
UniCryptUNCX,https://coinmarketcap.com/currencies/uncx/,$438.01
PlutonPLU,https://coinmarketcap.com/currencies/pluton/,$7.41
Reflexer Ungovernance TokenFLX,https://coinmarketcap.com/currencies/reflexer-ungovernance-token/,$69.80
DacxiDACXI,https://coinmarketcap.com/currencies/dacxi/,$0.00
Era SwapES,https://coinmarketcap.com/currencies/era-swap/,$0.01
Morpheus LabsMITX,https://coinmarketcap.com/currencies/morpheus-labs/,$0.03
BigONE TokenONE,https://coinmarketcap.com/currencies/bigone-token/,$0.00
Spartan ProtocolSPARTA,https://coinmarketcap.com/currencies/spartan-protocol/,$0.13
ASTAASTA,https://coinmarketcap.com/currencies/asta/,$0.01
Bitcoin PrivateBTCP,https://coinmarketcap.com/currencies/bitcoin-private/,$2.78
PawtocolUPI,https://coinmarketcap.com/currencies/pawtocol/,$0.05
ShareTokenSHR,https://coinmarketcap.com/currencies/sharetoken/,$0.01
Mogul ProductionsSTARS,https://coinmarketcap.com/currencies/mogul-productions/,$0.04
OpacityOPCT,https://coinmarketcap.com/currencies/opacity/,$0.16
MobiusMOBI,https://coinmarketcap.com/currencies/mobius/,$0.02
Trabzonspor Fan TokenTRA,https://coinmarketcap.com/currencies/trabzonspor-fan-token/,$5.56
BENQIQI,https://coinmarketcap.com/currencies/benqi/,$0.04
BetUBETU,https://coinmarketcap.com/currencies/betu/,$0.12
#MetaHashMHC,https://coinmarketcap.com/currencies/metahash/,$0.00
OpenOceanOOE,https://coinmarketcap.com/currencies/openocean/,$0.09
ShiryoSHIRYO,https://coinmarketcap.com/currencies/shiryo-inu/,$0.00
DSLA ProtocolDSLA,https://coinmarketcap.com/currencies/dsla-protocol/,$0.00
ZigcoinZIG,https://coinmarketcap.com/currencies/zigcoin/,$0.03
FOAMFOAM,https://coinmarketcap.com/currencies/foam/,$0.04
SignumSIGNA,https://coinmarketcap.com/currencies/signum/,$0.01
OraichainORAI,https://coinmarketcap.com/currencies/oraichain-token/,$6.25
PornRocketPORNROCKET,https://coinmarketcap.com/currencies/pornrocket/,$0.00
DeGateDG,https://coinmarketcap.com/currencies/degate/,$0.15
PolkamarketsPOLK,https://coinmarketcap.com/currencies/polkamarkets/,$0.18
PopulousPPT,https://coinmarketcap.com/currencies/populous/,$0.24
NewtonNEW,https://coinmarketcap.com/currencies/newton/,$0.00
KylinKYL,https://coinmarketcap.com/currencies/kylin/,$0.05
CWV ChainCWV,https://coinmarketcap.com/currencies/cwv-chain/,$0.00
Electra ProtocolXEP,https://coinmarketcap.com/currencies/electra-protocol/,$0.00
apM CoinAPM,https://coinmarketcap.com/currencies/apm-coin/,$0.03
Unicly CryptoPunks CollectionUPUNK,https://coinmarketcap.com/currencies/unicly-cryptopunks-collection/,$0.05
TrustVerseTRV,https://coinmarketcap.com/currencies/trustverse/,$0.02
LottoLOTTO,https://coinmarketcap.com/currencies/lotto/,$0.01
Bitcoin 2BTC2,https://coinmarketcap.com/currencies/bitcoin2/,$0.70
ProBit TokenPROB,https://coinmarketcap.com/currencies/probit-token/,$0.29
Bitball TreasureBTRS,https://coinmarketcap.com/currencies/bitball-treasure/,$27.24
ExeedmeXED,https://coinmarketcap.com/currencies/exeedme/,$0.19
RocketX exchangeRVF,https://coinmarketcap.com/currencies/rocket-vault-rocketx/,$0.19
Polychain MonstersPMON,https://coinmarketcap.com/currencies/polkamon/,$3.57
BLOCKvVEE,https://coinmarketcap.com/currencies/blockv/,$0.00
DeHubDEHUB,https://coinmarketcap.com/currencies/dehub/,$0.00
MultiVACMTV,https://coinmarketcap.com/currencies/multivac/,$0.00
NebulasNAS,https://coinmarketcap.com/currencies/nebulas-token/,$0.19
DEXA COINDEXA,https://coinmarketcap.com/currencies/dexa-coin/,$0.00
Tachyon ProtocolIPX,https://coinmarketcap.com/currencies/tachyon-protocol/,$0.04
Time New BankTNB,https://coinmarketcap.com/currencies/time-new-bank/,$0.00
Mirrored ApplemAAPL,https://coinmarketcap.com/currencies/mirrored-apple/,$196.22
NFTradeNFTD,https://coinmarketcap.com/currencies/nftrade/,$0.55
Belt FinanceBELT,https://coinmarketcap.com/currencies/belt/,$1.19
LikeCoinLIKE,https://coinmarketcap.com/currencies/likecoin/,$0.01
Poseidon NetworkQQQ,https://coinmarketcap.com/currencies/poseidon-network/,$0.01
